email,password,date_of_birth,kind
Brad_Pitt@pitt.com,BradPitt,1974-08-15,"MovieStar
"
Bruce_Willis@bws.com,BruceWillis,1963-06-26,"MovieStar
"
John_Travolta@jtv.com,JohnTravolta,1982-04-25,"MovieStar
"
Julia_Roberts_@rbt.com,JuliaRoberts,1967-09-04,"MovieStar
"
Justin_Timberlake@tlk.com,JustinTimberlake,1972-08-10,"MovieStar
"
Morgan_Freeman@morgan.com,MorganFreeman,1985-09-12,"MovieStar
"
Nicholas_Cage@ncg.com,NicholasCage,1965-04-01,"MovieStar
"
Nicole_Kidman@kid.com,NicoleKidman,1969-12-02,"MovieStar
"
Sandra_Bullock@blk.com,SandraBullock,1986-08-12,"MovieStar
"
Tom_Hanks@thk.com,TomHanks,1987-02-20,"MovieStar
"